index,class
282346,1
276422,4
277418,1
278994,3
279486,1
273208,1
276716,1
281200,3
277580,1
272500,1
278360,1
280852,3
274252,3
276350,4
274000,1
280242,3
274764,1
276966,3
282062,1
273816,1
274186,1
279388,1
282490,4
273768,1
282322,2
279090,2
274236,1
279744,4
279660,2
282146,1
282130,1
274646,1
273282,3
277256,4
283266,4
278860,1
274772,4
272202,1
275488,3
274424,1
277000,1
280520,3
278412,1
276748,3
272204,1
275352,2
273148,3
272284,1
283070,4
278176,1
279764,1
273162,3
278962,3
274128,3
272884,3
277238,4
275306,3
280384,1
280108,1
281382,3
273564,3
280100,1
285490,0
274162,4
277984,1
283160,4
277838,1
274388,1
273556,1
278786,3
281920,1
272796,1
279918,2
280190,2
283176,4
276788,1
282080,1
276428,2
273338,3
276152,1
278810,3
276446,1
276450,1
278068,1
274856,3
276970,3
281774,1
280954,4
278636,1
273664,2
279006,3
281164,3
274790,1
275832,2
277802,4
280030,4
282534,4
279994,3
280048,3
278344,1
279962,4
276884,1
282118,1
272594,4
279702,3
282506,4
281092,3
272288,1
280532,3
274496,4
279934,3
281618,3
278702,4
282226,3
272332,3
277138,3
274714,3
274766,1
281814,1
282876,2
272100,2
279326,1
282220,3
281368,3
277342,1
277980,1
281320,4
278550,1
278404,1
274420,1
275064,2
281746,1
280010,4
272190,1
281174,3
281666,3
281154,3
281870,1
281740,2
278472,1
278884,1
274262,4
272836,2
280508,3
277216,1
273734,1
280212,1
275412,1
274736,4
281328,4
281834,1
281426,1
276444,4
279622,2
280748,1
281138,3
272192,1
273380,1
278112,1
276078,1
272488,4
281450,3
274356,1
272156,1
274402,1
272318,3
275490,4
283900,0
277390,1
275234,1
276048,1
274372,1
279812,1
278672,3
280306,1
277878,1
276828,3
282936,4
276582,3
275934,3
277058,1
274914,2
272582,3
280544,2
280830,4
272522,1
282284,3
283564,4
274442,1
278178,1
278438,1
277500,1
280734,2
273850,3
273634,3
279654,3
272224,1
277016,1
276338,1
281878,4
277626,1
278998,3
276636,2
274176,1
281420,1
282856,2
273266,1
280626,1
275082,4
273436,3
279470,1
273432,1
274978,3
273586,3
280988,3
285206,0
277540,4
272990,1
276282,1
276172,1
272648,3
282428,4
273982,1
273612,1
281354,3
279312,1
280332,2
273566,3
272890,3
282152,4
280066,3
274770,1
274568,2
279956,3
276562,1
274898,3
282326,3
279264,4
274688,2
272902,3
272718,2
273814,1
282052,1
277114,0
278378,1
278062,1
279296,3
272304,3
272480,0
281748,1
278936,1
273520,3
274084,4
275066,2
279846,1
276700,3
281284,3
277918,4
273884,2
282158,1
275430,1
278528,1
282058,1
278766,1
282328,3
275510,3
282218,3
282512,4
272552,3
272150,1
278180,1
283508,4
281654,3
281072,3
281830,1
272462,4
280150,1
281698,1
275428,1
277392,1
278940,3
273250,1
281378,3
274052,2
273030,3
272828,2
278334,1
274048,3
275680,4
280968,3
277914,3
273084,3
277386,4
273270,1
273896,1
273126,3
280038,3
281120,3
273236,1
281410,3
280044,3
279076,4
284354,0
282318,4
281760,4
278838,3
273906,1
279686,3
273318,1
279050,3
283812,4
274170,1
274470,1
282484,2
276018,1
280550,3
281274,3
273116,3
277630,1
285084,0
278320,1
279220,1
280432,1
274396,1
282010,1
281682,1
277780,1
277468,1
279872,3
274954,3
276576,3
281736,4
276182,1
274690,2
279284,3
280856,3
278600,1
278046,1
272886,1
283594,4
280812,3
281692,3
274168,1
273450,2
277950,3
273080,2
282526,2
275046,3
274916,2
281236,4
276706,4
272390,1
273918,1
275932,3
276910,3
276800,1
272834,3
276396,1
272414,1
281216,3
281824,1
280472,2
274046,3
279758,1
279080,4
283090,4
272448,1
280202,1
272972,4
273620,1
274910,3
280068,2
278654,2
275978,3
277898,0
281548,1
276076,1
280268,3
275130,3
278782,4
278554,1
278974,3
273702,3
272950,4
275916,4
282208,4
281620,4
272534,1
273760,1
272138,3
279650,2
272612,3
278880,3
272112,1
277272,1
280866,3
283690,0
276062,1
280078,1
280502,3
279202,1
279234,1
281286,0
272608,4
274722,1
277190,1
276598,3
283364,4
276944,2
278986,3
278836,3
272226,1
282442,3
277776,3
278274,1
275404,1
276166,1
276710,3
273310,1
273782,1
284422,0
274860,2
273880,3
282096,1
274866,1
274432,1
276912,3
275304,1
274944,3
277814,2
281304,1
280864,3
272490,1
278036,1
276082,1
273276,4
275938,1
279810,4
277164,4
279072,3
282978,2
274554,3
274196,1
273704,4
277188,2
279582,1
276806,0
273598,1
272912,2
277698,4
281988,1
275454,3
275640,3
275564,4
281808,1
273462,3
283372,4
272688,4
279778,1
280252,4
282182,3
276950,3
276842,1
277800,0
276754,3
281318,1
272914,4
272738,1
281926,1
274376,1
279870,3
272848,0
278510,1
276692,3
281206,3
276750,3
273234,1
281998,1
280612,4
275080,4
282254,1
272638,3
277192,2
275708,4
279896,1
280696,3
277624,1
278996,3
273878,4
275720,0
275718,3
275876,4
273358,3
275320,3
281198,1
275002,3
277182,3
279144,3
274704,1
281360,3
277060,1
283696,4
277394,1
272274,1
278370,1
273678,2
274526,3
279046,3
280554,3
277438,1
283592,4
272920,2
274812,1
272186,1
282196,3
280034,1
273076,4
276690,3
277710,1
276220,1
277856,3
276296,1
279518,4
274032,4
272570,0
274744,4
279726,3
280154,1
282070,1
276578,3
281714,2
273002,1
278920,2
282134,1
278410,1
275714,4
280422,1
274820,3
276218,1
280766,2
279588,1
277512,4
282466,3
273692,1
277518,1
282820,2
274778,3
272094,3
273892,2
274298,4
276960,2
276552,1
279362,1
282140,3
281302,4
274362,1
273726,1
275882,0
279944,3
283952,0
280350,0
274946,3
277708,1
274504,2
275014,4
274868,4
274514,3
274872,1
272086,3
284164,0
274720,3
276866,1
272910,1
280282,2
277860,3
280062,3
282528,4
276240,1
273854,4
273528,3
272290,1
273440,3
274216,1
275442,2
276648,3
275192,1
273532,2
276804,1
277030,1
278474,1
281422,1
283100,4
279014,3
280102,1
279334,1
279342,1
274724,3
282148,1
275930,3
275268,1
276080,1
276506,4
276722,4
280998,1
274638,1
282446,2
282358,1
272420,1
273558,1
277730,1
281462,1
273446,3
279776,1
275362,1
277112,1
280180,4
280160,1
277992,1
278616,1
275302,1
272888,1
272876,1
275398,1
278536,1
274960,2
280430,1
279522,4
277996,1
275290,1
275554,1
282230,3
273992,1
273174,3
276982,3
277906,1
276356,1
285396,0
281952,1
277680,1
278664,3
275222,1
275142,3
275826,2
279110,3
279468,1
281278,4
277922,4
276600,3
278680,4
273054,3
275688,1
272838,3
282454,3
278450,1
278310,1
276580,3
276026,1
275112,3
275258,1
278262,1
280372,1
282324,2
280198,1
275878,3
279112,3
273478,3
278696,1
277088,1
272708,2
273508,3
278508,1
279536,2
275988,3
279128,3
272518,1
278328,1
281458,4
281376,3
281822,1
275204,1
272944,4
274558,4
281772,1
276190,1
277020,1
277334,1
278338,1
274918,3
281046,1
282004,1
280986,3
279784,3
273582,3
272986,1
281804,1
280802,3
272496,1
279208,1
272842,3
275962,3
285536,0
272562,3
278150,1
280606,4
273974,1
281446,1
280452,4
274006,1
281010,3
274026,2
281332,1
282024,1
275706,1
274478,1
279534,4
273448,3
276106,1
278140,1
277844,1
274556,3
277404,1
277212,1
273402,1
273522,3
277510,1
283602,4
278602,1
274826,4
272932,4
281478,1
276674,3
277916,4
274528,3
273748,1
274092,4
276472,1
277458,1
272246,1
272750,1
281786,1
279578,1
275096,0
272104,1
275122,4
285576,0
278198,1
274316,1
281110,3
276314,1
278828,1
272870,4
280706,3
272468,4
274958,3
281280,1
278558,1
276468,1
276488,4
277714,1
282256,2
279070,3
274312,1
277370,1
280794,1
278862,4
274210,1
273654,3
276540,1
280318,4
275084,3
277152,4
282036,1
280370,1
282952,4
277282,1
281858,1
279564,3
281058,3
280506,3
277304,1
273936,1
274324,1
282206,3
273452,4
275326,4
278442,1
280908,3
274206,1
273012,1
276052,1
280824,4
275120,3
281900,1
281310,2
278158,1
274338,1
273362,3
279396,3
274386,1
276762,1
276946,3
285398,0
283734,4
280820,3
275678,4
279156,0
277822,4
272088,4
278326,1
275466,2
272142,3
274076,1
273836,1
277118,3
279576,1
274014,1
274494,2
278100,1
275690,1
277762,3
275244,1
278488,1
277524,1
273790,1
274094,4
280162,1
273384,2
282436,2
274314,1
276164,1
278580,1
273590,1
275388,1
277594,1
278034,1
278424,4
278726,3
272346,3
275184,1
273580,4
275102,3
273370,3
276150,1
280346,3
274452,1
279256,1
279816,1
272790,1
272574,3
276740,3
277368,1
281832,1
272798,4
285186,0
273840,1
277448,1
280222,4
281390,3
277160,2
272882,1
282458,3
274702,1
278892,3
272660,4
277174,2
279648,3
278520,1
277102,1
273242,1
277094,1
278390,1
275550,1
275220,1
275354,4
279288,1
281146,3
276908,3
278074,1
273430,4
277346,1
278278,1
276896,3
276216,1
281170,1
274486,4
274822,1
272440,1
272244,1
278728,1
274610,1
277264,1
285414,0
279252,1
279572,3
272476,1
273998,1
276796,1
280450,4
279876,3
275336,2
280146,1
282194,3
278304,1
280460,1
279884,3
273838,0
273468,1
278692,3
279004,3
275814,4
278114,4
272770,1
272278,4
272774,1
275722,4
274912,1
279748,1
274340,1
279126,3
278468,1
273680,2
279398,4
272810,1
280428,1
283692,4
280576,4
282204,3
277148,0
281716,3
278148,1
280042,3
277874,4
273200,1
283920,0
278576,1
272996,1
273830,1
274732,3
284914,0
280952,4
273812,1
273014,1
280816,3
273172,3
279704,4
276606,3
273118,0
273762,1
274462,1
276490,1
273978,1
278240,1
275912,3
273128,3
276858,3
276872,1
272572,3
283172,4
276312,1
273100,4
279180,3
278506,1
275758,1
274100,1
284446,0
279504,1
281986,1
280396,1
272442,1
280854,3
281802,1
278194,1
281034,4
281252,4
276192,1
279354,3
281584,3
278590,1
274266,3
272508,1
275782,1
281228,3
277988,1
275480,1
280636,1
280910,3
279184,2
274230,4
275228,1
278950,4
279860,1
277584,1
277352,1
274260,3
273416,3
276412,1
277880,4
279614,3
275382,1
279018,3
278626,1
277588,1
280504,3
282092,1
278396,1
274712,3
276784,1
278514,1
276838,1
273514,3
273940,1
282344,1
273414,3
282270,3
278154,1
276180,1
278972,3
280646,1
278618,1
279868,3
278660,2
277492,1
278904,2
273648,0
282072,1
280426,4
282306,3
278196,1
273976,1
276988,1
277834,0
273260,2
275526,1
280498,3
279762,1
274620,4
284426,0
275970,3
272702,2
276620,1
276058,1
275022,3
275590,1
274550,3
275074,4
281090,1
281104,3
276364,1
272600,3
276928,3
278086,1
278978,3
281690,3
277976,1
281166,3
273828,1
281234,1
275444,0
276400,1
276010,1
281240,3
280650,1
275018,0
276352,1
273606,2
274116,1
282352,1
276588,3
281294,3
279376,3
280814,3
275634,1
275734,4
279016,3
274566,3
276360,1
272704,1
281180,3
279002,3
280024,4
272580,0
279262,4
279300,3
278634,1
278006,1
280632,2
278026,1
277890,3
273530,3
279390,3
276362,1
282124,1
277772,1
282308,3
273774,4
278564,1
277904,2
276116,1
272658,3
277998,1
276914,3
275576,3
277740,1
273184,3
280994,3
279242,1
275252,1
281392,3
277106,1
272114,1
275946,0
280488,1
281538,1
274582,1
274254,3
275248,1
273352,3
281554,3
276572,2
274464,1
280040,3
276394,1
273042,4
281184,3
274140,4
274664,4
276984,3
285430,0
281744,4
279842,1
277694,1
280474,1
277550,2
273198,3
279722,4
278402,1
277990,1
279548,3
280916,3
273764,1
272864,2
272504,1
274072,1
272946,2
280092,1
278476,1
274010,3
281178,3
275380,1
273806,1
277454,1
274476,3
279282,4
282296,3
275236,1
276810,2
275928,2
273300,3
281880,3
280080,1
275516,3
282998,4
276512,1
281574,3
281142,3
280542,3
279214,3
275502,3
281336,2
275040,2
272194,1
275076,0
276384,1
281434,1
278414,4
277028,1
274570,3
278982,3
272716,2
275486,3
283164,4
278744,0
279556,3
280326,3
274654,1
273736,1
272428,1
280478,1
279888,3
280928,3
277078,1
281452,1
281018,3
277774,0
281078,1
277162,3
274880,1
272696,4
277194,3
281528,1
279802,1
278482,4
272292,1
275588,1
274182,1
275940,3
273926,1
278534,1
280804,3
280798,4
281888,1
280724,2
277652,1
279634,4
278850,1
274780,1
275000,2
275724,1
281232,1
274200,1
276658,3
275794,1
274190,1
275742,3
275494,3
273706,4
275626,3
276200,1
279292,1
276808,1
275146,4
280510,3
273248,1
277092,1
277900,3
278916,3
282336,1
281026,3
279792,1
276734,3
282268,0
277208,1
277156,3
272724,1
278264,1
272694,2
276376,1
277660,1
275314,4
273488,1
280204,4
273516,3
281196,3
281790,1
273996,1
272662,4
281350,3
280674,1
279532,4
273876,2
278294,1
282054,1
278456,1
280462,4
274290,1
274612,4
280682,1
277254,1
279204,3
276098,1
278400,1
279056,3
274096,1
273104,4
275888,3
276826,1
277130,2
285074,0
273078,3
279930,4
275134,3
277226,1
279330,1
278130,1
276686,3
272994,4
277552,1
280292,4
272978,4
277068,1
280098,1
275874,4
280104,1
279642,2
272368,3
282164,3
275520,1
275010,4
275358,1
281224,1
278700,1
273600,1
282162,3
276568,3
275922,3
280848,4
273272,1
273728,1
278188,1
277100,1
279258,1
282380,1
277358,1
281906,1
272650,3
277648,1
279506,1
280600,2
280738,2
273028,1
279028,1
272238,1
279418,3
277246,1
272808,1
273644,3
279100,3
282276,0
276846,1
276266,1
282980,4
281202,1
279276,2
281226,2
278976,3
273984,4
273434,4
278870,4
274760,3
276138,1
274696,3
279044,3
274240,1
273168,3
280014,4
277228,1
273130,3
282462,3
281140,3
275498,3
278722,1
275972,2
277812,3
276720,0
278776,3
280782,1
273312,1
281796,1
274080,3
279880,3
276278,1
274114,1
273894,4
276206,1
274850,2
282502,4
275534,1
272228,1
277810,1
273152,3
273540,4
278686,4
281086,1
281190,1
282104,1
275628,3
280920,1
276442,1
280036,1
277270,1
272484,1
281520,1
281258,2
272776,1
273964,1
280324,2
277542,1
273868,1
282094,1
279964,4
274134,1
274368,1
280680,1
280490,1
278914,3
280046,2
273228,1
273610,3
277908,3
275458,3
279440,2
275056,4
274456,1
279976,1
275764,3
272152,1
275544,1
273864,4
280314,2
275448,2
277248,1
281050,3
275366,1
272794,1
274970,3
275472,3
282956,4
279374,3
281628,1
273480,1
276732,1
278530,1
272900,3
279294,0
274698,3
276668,3
278290,1
279472,4
275748,4
276066,1
280228,2
273550,3
276610,1
274604,1
275116,4
275604,3
273682,2
276158,1
276714,1
273222,4
275926,3
279966,1
276038,1
272786,1
273890,3
274188,1
280762,1
273656,0
280690,3
276132,1
276202,1
277602,1
280678,1
281116,4
275386,1
278738,1
276110,1
274572,2
278522,1
284050,0
273196,3
277434,1
280676,1
281490,1
277396,1
276480,1
278684,1
276820,1
277720,1
279136,3
279132,1
272526,1
272576,3
278004,1
277308,4
274520,1
276336,1
276000,1
277336,1
276496,1
280278,3
276230,1
282362,1
276280,1
272992,4
279428,3
281580,4
281856,1
281812,1
276824,3
277180,3
278610,1
272232,1
275770,1
283256,4
278440,1
276410,1
278562,1
276288,1
273378,1
277050,1
278842,4
275822,2
274352,1
273652,3
276570,2
276122,1
281334,2
274516,1
275886,3
280358,1
274498,2
281186,1
277876,4
274808,4
272952,2
272832,4
273164,3
279168,2
282078,1
274488,4
280718,3
277318,4
274718,3
279644,2
277366,1
280616,3
274364,1
283808,4
279336,1
275952,3
273700,1
280808,3
276498,1
272896,1
272816,1
274552,3
281968,1
273120,2
285252,0
278244,1
274152,2
277532,1
279528,4
275152,3
275668,1
282962,4
277576,1
276210,1
277472,1
275894,4
279684,3
275094,3
279682,1
274412,4
275278,4
275944,3
281408,3
278356,1
276236,1
273486,1
280970,3
284042,0
276542,1
279298,3
273246,2
282136,4
280404,1
277920,1
274400,4
277848,3
280294,3
272474,4
282348,1
279832,1
272588,2
277158,3
275140,3
276134,1
279844,1
277222,1
276672,3
281474,1
280074,1
280976,3
275738,1
281534,1
274158,0
276198,4
280296,3
276160,1
279340,1
275880,3
276882,1
272906,4
277444,1
282450,3
282298,3
278886,3
273190,3
279416,1
273722,3
281488,1
272548,1
274384,1
272222,1
282240,3
277478,1
274648,1
278258,1
279838,1
279224,1
276790,1
281162,1
272726,1
275006,0
279540,4
282198,3
280834,4
275812,3
279640,2
281890,1
277172,2
279024,4
279032,2
274120,1
277328,1
278324,1
277274,1
279512,2
273320,1
272536,1
273510,3
278780,1
277136,3
278932,1
276628,3
275830,3
272164,1
278846,1
281502,1
276124,1
275214,1
278516,1
283570,4
281680,3
275682,4
284646,0
277356,1
278232,1
278210,1
275418,1
282022,0
279124,3
281296,4
276020,1
283352,4
272174,1
279798,3
276224,1
272282,1
282772,0
281218,1
277804,1
280480,1
275144,3
274286,1
276036,1
274988,3
273526,3
279078,1
279992,4
279770,1
273670,3
278566,1
277400,1
275058,4
281766,1
283206,4
272298,1
277062,1
281756,1
276146,1
280244,3
272406,3
280266,3
275178,1
275456,4
273608,1
282834,0
278352,1
279672,4
278298,1
273072,3
274320,1
280644,1
272592,3
275610,1
276348,1
276698,3
281330,1
273698,1
275136,0
277178,3
275786,1
272378,3
276042,1
277056,1
272958,3
280586,3
273746,1
280844,4
277986,1
274802,0
281688,3
278354,1
278162,1
274512,0
281156,3
281862,1
273220,1
277258,1
277706,1
279304,1
276440,1
273158,2
276744,3
277074,1
276344,1
276144,1
275632,4
273944,1
280828,1
275330,3
279698,3
274844,4
277666,4
273688,4
278464,1
274174,1
285556,0
276958,3
276486,1
280286,1
281282,1
280096,4
282968,2
278070,1
284172,0
279996,2
278116,1
277146,3
278830,4
274660,1
272644,4
280712,3
277200,1
279232,1
282516,4
275114,2
272466,1
279212,3
282286,4
273442,3
279794,1
272134,4
274394,1
283662,4
282376,1
278206,1
276186,1
283518,0
274782,1
272922,4
285472,0
281194,3
280418,1
285418,0
276070,1
277170,3
283814,0
275918,3
281402,3
276270,1
282456,3
280666,1
279982,1
280538,3
282252,3
277590,1
273322,3
275838,4
275008,3
276558,1
273886,2
278734,1
274992,3
277332,1
275696,4
281586,4
277220,1
278798,2
279636,4
281424,1
280800,2
275124,3
274830,3
274154,2
274952,3
277294,1
282452,3
276354,1
284980,0
272258,1
272118,4
276772,1
276090,1
282378,1
281456,2
276424,4
275218,1
282986,2
274942,3
275394,1
273020,1
285216,0
276640,2
281626,1
277110,1
278928,1
277126,1
275658,1
278454,1
280594,4
277432,1
274450,1
278430,1
280388,1
275202,1
284440,0
277490,1
278426,1
278930,1
278834,3
282554,4
281406,3
279560,0
276114,1
280564,1
275160,3
281064,3
272756,4
277474,1
278368,1
278342,1
275666,1
283080,0
272988,4
272108,1
280132,1
276258,1
281800,1
277348,1
274392,1
276040,1
276604,3
279524,2
275384,1
275538,1
274632,4
282192,3
282026,1
279510,1
275850,1
278568,1
272898,1
280248,3
280320,2
274816,1
272492,1
276092,1
272804,1
285632,0
273074,4
272096,1
279766,1
281342,3
273366,3
278608,1
280052,3
275566,3
274964,3
279998,3
283714,4
278596,1
276464,4
282900,2
280892,3
281672,3
274050,3
277798,3
272852,2
277902,3
278272,1
279592,1
276954,3
281912,1
278246,1
280574,2
276154,1
278934,1
278882,1
275426,1
274054,4
282258,0
274036,3
281118,3
279430,3
273110,0
283078,4
276430,4
283284,4
278098,1
280836,3
280112,1
278746,2
276886,1
275992,3
272976,2
281602,3
281894,1
281590,3
280458,0
272676,4
285376,0
276226,1
280940,4
274042,3
281876,1
279246,1
278912,3
282150,1
273908,1
281576,4
280090,1
276194,1
278674,2
279116,3
274652,4
275162,2
272266,1
280444,1
275052,3
282832,4
276920,3
274588,1
273710,4
273268,1
274220,1
280764,1
278362,1
272856,2
274836,3
275596,1
275638,3
277790,2
273472,1
279152,3
285470,0
281770,2
274928,4
273694,1
277912,1
276836,4
275070,3
278348,1
280894,3
282050,1
274380,1
275518,3
273914,1
274674,1
276586,2
275898,0
274276,3
282068,1
279894,3
275292,3
272270,1
282338,1
272926,4
282090,1
272554,3
281592,4
273296,4
282918,4
279432,3
279954,1
281568,4
280206,4
281706,2
280548,3
279796,1
272436,4
275154,3
273662,2
276792,1
282032,1
275868,3
274922,1
285476,0
276094,1
278316,1
276590,3
273068,3
274184,1
277938,3
277312,1
278318,1
277850,4
274948,3
277526,1
275254,1
281696,4
279434,3
278204,1
277530,4
279494,1
276900,3
277574,1
275400,1
279360,3
280272,3
273672,3
278656,3
278280,1
278382,1
282076,1
276324,3
281494,4
278420,1
276004,4
277402,1
278732,1
282224,3
275190,1
276774,1
275168,1
276456,1
274300,1
275092,3
276416,1
273382,3
272918,3
280962,3
273626,2
277954,4
285388,0
278160,1
279150,3
280582,3
272110,1
278760,4
276030,1
274994,2
282482,2
276962,2
275936,3
282248,2
277606,1
272636,3
277684,1
275086,4
272546,1
277978,1
278572,1
281470,1
274480,2
278624,1
276556,1
276300,1
274008,1
273376,1
272844,0
272250,1
276942,3
274278,3
282114,4
281658,3
282440,4
279306,3
274996,3
279346,1
274294,1
278742,2
280568,1
274390,1
278774,1
279808,1
277828,1
273602,1
280770,3
276904,3
274110,1
277414,1
272370,1
272564,1
281778,1
274090,4
281604,3
275964,3
281780,1
275044,3
273112,3
272960,3
274148,1
281374,3
282814,0
279316,1
275844,1
275308,2
276832,1
279680,1
275904,0
273912,1
274274,4
275340,4
279372,3
275548,4
281384,1
277600,1
280188,1
276434,2
275654,1
274180,4
274672,1
272356,3
280882,3
278000,1
273560,3
274692,2
281168,3
278330,1
276112,1
279526,4
281220,1
278218,1
275800,3
282042,1
280434,1
280392,1
277868,3
284878,0
281418,3
282180,3
278216,1
277734,1
281480,1
274700,4
274232,2
276670,1
281966,1
276500,1
277634,1
279632,1
278642,4
282214,3
273412,3
280120,1
276594,2
275206,1
272924,1
282330,3
273618,4
282264,4
277128,2
273150,3
275692,3
279652,3
279084,2
275562,3
279082,4
277120,1
281866,1
277124,3
278332,1
277362,1
273754,1
278380,1
277560,1
279950,1
274086,3
275746,3
277424,1
279612,4
273832,1
282168,3
275332,4
279914,3
272678,4
280708,1
272198,1
282888,0
278818,3
276476,1
275360,1
274594,1
272302,1
273942,1
275672,2
273140,0
272850,1
272674,1
274726,1
281176,4
280578,4
279452,3
277960,4
276778,1
277240,1
277076,1
276770,1
276388,1
272934,1
274224,1
281484,2
274132,3
277852,4
279580,1
276392,1
275446,2
275438,2
273134,3
275118,4
277036,1
274068,1
272486,1
274172,1
276544,1
282474,3
274538,0
280220,2
281560,1
279646,4
282236,3
281266,2
278824,2
275270,3
273186,3
273044,3
275592,3
279228,1
282108,1
276584,2
273314,3
281546,1
280002,4
279138,0
282808,4
278646,1
276630,4
281082,1
280624,1
273740,1
274902,3
274748,3
272216,1
277150,1
272130,4
275470,3
275630,3
275902,3
275198,1
281348,3
276794,1
281298,1
275776,4
277962,1
273422,2
280114,1
275524,1
273798,1
281080,4
277556,1
280136,1
279378,3
277354,1
274600,1
274998,2
278992,3
274576,3
279036,4
277044,1
282904,0
276238,1
282166,1
275942,3
278502,1
280158,1
275614,1
277884,2
272530,1
279900,3
280710,0
273844,1
281074,1
272160,1
275402,4
273780,3
279552,2
275648,1
274142,4
272120,1
277006,1
279310,3
275884,3
278752,3
279720,3
279038,2
275836,2
275768,3
276518,4
274108,1
274430,1
273572,1
281958,1
278622,1
281910,1
273144,3
274322,1
275376,1
275572,3
274056,1
281292,3
279272,2
280880,3
280106,1
280390,1
279000,3
276550,1
282030,1
278018,4
280442,1
272136,3
276812,1
276760,1
277108,1
273400,3
274798,1
280342,4
272412,3
282002,1
280138,1
272116,0
279544,3
273718,3
278182,1
276318,1
279478,1
279134,3
278372,1
282012,1
273870,4
273990,1
280200,1
282304,3
277566,1
275484,0
272404,3
273136,3
276246,1
279656,2
280240,3
275272,2
279154,4
276408,1
281414,3
279120,3
278012,1
277944,4
273390,4
282016,1
276532,1
281084,3
285410,0
277516,1
278256,1
280308,4
278762,2
276712,2
273082,3
281818,1
279054,4
281264,2
275646,1
277582,1
280192,4
274366,1
278350,1
280514,3
283276,0
273262,1
280942,3
276016,1
282566,4
275772,1
277024,1
273738,1
279736,3
279670,3
277796,4
272866,1
273008,1
277792,3
281372,3
274342,0
277704,1
274828,3
277070,1
278854,3
280792,4
277382,1
278346,1
280914,3
281070,3
275288,1
278960,3
279730,3
275200,1
279274,2
273138,3
272366,3
282990,4
281430,1
281256,3
275396,1
280556,3
277786,4
279130,3
272344,3
277374,1
279942,3
272444,1
276948,3
279278,2
274904,3
281182,1
272182,1
275452,3
277966,1
276316,1
281358,3
273336,3
272758,1
282040,1
277870,4
278078,1
276742,1
279094,3
279830,1
274328,1
278120,1
276294,1
276538,1
273492,3
274288,4
279972,4
282724,4
277934,1
281722,4
281136,3
274548,3
277982,1
278552,1
280670,1
281022,1
273466,3
276522,1
275840,1
283234,4
278956,3
276292,1
279856,1
272408,4
277842,1
275364,1
281650,3
275100,1
274126,4
282982,2
277752,0
279066,3
277218,1
279280,3
278556,1
278168,1
277452,1
272540,1
273930,1
281950,1
276032,1
275574,3
281492,4
274886,3
280006,1
280512,3
279624,4
274156,4
277610,1
281338,3
275216,1
277300,1
279668,3
280234,4
280172,2
280846,4
280870,3
272212,1
278910,2
275698,3
273742,1
272872,4
279712,1
281466,3
273256,1
273842,3
281132,3
276204,1
277806,3
274022,4
277932,1
274796,4
277820,4
273064,1
278990,3
281924,1
280874,3
281322,4
272230,1
275662,3
275774,1
272098,4
274070,1
278406,1
281792,1
280904,1
272360,3
280698,4
276342,1
273592,1
273954,1
280050,3
277964,1
272528,1
276678,3
275998,3
280310,2
281718,0
272766,1
277388,1
281936,1
279818,4
277888,0
280470,2
273426,1
276368,1
274524,1
278724,1
275368,1
273474,1
279890,3
274838,3
281036,3
277886,1
276108,1
282866,4
276322,1
273444,3
274532,2
278090,1
277750,2
273794,1
273274,3
272340,3
279496,1
278876,3
282370,1
281306,3
281394,2
281956,1
279906,3
273180,3
281260,2
282282,3
274562,3
281060,3
282310,1
282578,0
272364,4
279020,3
277426,1
281972,1
283050,4
281398,3
277544,1
280720,2
281324,1
281720,1
272090,3
278648,1
273924,1
280362,1
277484,1
279620,3
281928,1
279010,3
272456,1
275264,1
280086,1
280366,1
279852,1
275732,1
276802,1
280122,1
280004,3
273218,1
276248,4
276340,1
281570,4
275556,1
279616,4
277034,1
277116,0
275224,1
284732,0
279460,1
277882,4
279754,1
276830,1
275246,1
276818,1
281764,1
273088,3
276684,3
281098,3
278266,1
275276,1
277466,1
281096,3
272670,2
276484,4
284140,0
276644,3
277686,1
279566,3
280984,3
278076,1
279482,1
282472,3
277622,1
280468,2
272632,3
275730,2
281530,1
279344,0
276998,3
274074,2
279034,2
279160,3
275744,3
278300,1
274310,1
272968,4
280022,1
274028,2
276176,1
282238,1
280084,4
280226,3
281254,3
273576,2
279148,3
276222,1
277316,1
276460,1
275674,2
274238,1
279700,3
277688,1
278924,1
277596,1
282368,1
280436,2
282138,1
272730,1
276072,1
276662,3
277836,1
275834,4
277266,1
280884,3
276418,4
277654,1
272452,1
281008,4
282178,3
277482,1
283402,0
274270,1
275032,3
274272,3
279064,3
280966,3
277302,1
277310,4
281040,3
272184,1
282222,3
278704,3
276632,3
272728,1
276614,1
276212,1
275310,2
274358,1
274618,1
274606,4
276302,1
278214,1
281974,1
274598,1
274416,1
279940,3
272472,1
276254,1
276264,1
279338,1
272410,3
274436,1
277946,3
281440,1
273016,1
273750,1
275652,4
278794,1
274750,3
274888,3
273584,3
282154,1
272506,1
278484,1
279008,3
279266,4
278302,1
280760,3
276652,3
280860,3
275860,2
279924,3
274248,3
275240,1
279186,3
277236,1
283904,0
282496,4
274670,1
282824,4
274434,1
281314,1
275780,1
276232,1
281522,3
272372,1
276024,1
272262,1
277234,1
282202,3
277132,2
280088,1
280026,1
282334,1
274088,3
280700,0
272854,1
282028,1
282272,3
281062,3
277846,3
276768,0
280208,1
277832,1
273490,4
282128,1
280394,1
272962,2
277022,0
274874,1
280784,4
281346,3
276878,1
279638,1
276390,1
283260,4
276566,3
276178,1
276234,1
272544,4
281702,3
282266,3
282142,1
272352,3
281032,3
273822,1
279854,1
280016,3
273374,3
275726,1
273206,1
273632,3
279848,1
273204,1
278856,3
274214,1
274106,4
274768,1
279270,2
281468,1
279108,0
274650,1
278042,1
279678,4
275148,3
275676,2
274446,1
274580,1
281012,3
275636,3
281000,4
282184,3
279980,1
274242,4
278064,1
276736,3
274900,3
278228,1
275280,0
276688,3
282976,2
280380,1
277586,2
275664,4
276242,1
277854,2
274728,3
277450,1
280170,3
277742,3
278748,4
275020,3
273456,3
277464,1
282300,3
273562,3
273254,2
279538,4
277788,1
276028,1
278894,2
280840,3
281126,3
282316,1
276956,4
276702,3
276310,1
277778,4
280590,3
279628,3
275858,1
277286,4
275910,3
276650,4
280668,1
277488,1
273408,4
280652,4
272132,3
279106,2
273264,1
277738,1
280348,1
281704,4
276046,1
277732,1
277376,1
282314,1
274762,3
275600,3
276976,4
280596,3
281758,0
281028,3
277562,1
279318,3
277456,1
281594,4
275914,3
272682,1
272746,1
280164,1
278730,1
272954,3
272214,1
273784,1
280440,4
278128,1
277656,1
274034,4
282112,1
275700,3
281730,3
277754,3
273686,2
280790,4
277930,1
275180,1
279244,1
277442,1
281204,3
274318,1
272416,1
280592,3
278102,1
273866,4
273756,1
272166,1
281208,3
282132,1
278260,1
281598,3
277338,1
278586,1
282510,4
278222,1
279322,1
282544,2
272938,1
278024,1
278408,1
272272,1
277554,1
278804,1
279352,3
280974,3
279386,3
283666,4
273386,2
274734,3
275792,1
280826,4
279162,3
282366,1
272566,1
272640,1
278104,1
280054,3
272240,1
279188,3
275560,1
274044,3
281738,3
278212,1
281112,4
277436,1
280598,0
280902,3
272432,1
279974,1
277824,3
280754,3
278888,4
277592,1
272556,1
277476,1
278480,0
278234,1
274742,3
273306,1
279048,3
281898,1
274066,1
279012,4
280058,3
274596,1
278056,1
281844,1
277350,1
281728,3
274578,3
279158,4
274560,2
276776,1
272276,1
280890,3
281836,1
276972,3
276694,3
274296,1
273004,1
278032,1
273498,3
283280,4
277276,1
280000,3
277816,1
276504,1
274426,1
272606,3
278052,1
277642,1
273900,1
272732,4
272714,4
281608,4
278690,1
276968,3
275778,3
281416,3
278144,1
278756,1
277952,3
275702,3
277784,1
278878,3
273638,3
281646,3
280374,1
272928,1
275736,1
272604,4
272316,3
279710,4
273568,3
280516,1
273244,1
280254,3
272334,3
280868,3
282056,1
274350,1
278906,2
279530,2
273810,1
281908,3
275286,1
275004,3
277766,1
281486,2
279408,2
272788,1
274930,4
281622,4
272268,1
275818,2
278560,1
282432,4
278030,1
272170,1
277326,1
273494,3
274546,3
272824,1
278758,1
279192,3
280028,3
280878,3
285560,0
280580,3
281984,1
278922,4
276056,1
280572,2
281006,3
280194,3
282186,3
276746,3
272464,2
275156,3
276642,3
278964,3
277330,1
275728,3
277612,1
278268,1
277892,3
281052,3
277406,1
280210,1
279114,3
280174,1
278014,1
281850,1
275754,3
279230,1
276448,1
281588,4
280736,4
278022,1
280732,4
274144,4
275760,3
280610,4
281380,3
280118,1
279970,1
273714,2
281506,1
278858,3
276860,3
275986,3
282898,4
277872,1
281892,1
281642,3
278822,3
276952,3
279206,1
273640,3
275348,4
280438,4
272772,1
281300,0
272520,1
278028,1
275798,3
278392,1
278230,1
281544,4
274098,1
272146,1
280410,1
283216,4
273022,1
277268,1
285546,0
273292,2
278548,1
283254,4
282122,1
278706,3
273288,3
278538,1
280064,3
274228,1
276880,1
273786,4
274682,1
281686,4
275670,4
280186,1
272666,0
273194,4
282444,3
272624,3
272242,1
277650,1
272294,1
278200,1
277756,0
272940,1
279096,3
273772,4
277538,4
274614,1
281188,4
281940,1
276228,1
275478,1
281276,3
273920,1
273808,1
279732,4
274786,1
272322,3
274656,1
280250,3
276868,1
278946,4
272234,1
272430,1
281364,3
272128,3
276660,3
280688,3
277048,1
274800,1
275266,1
282210,4
273114,3
279140,0
279910,3
277260,1
273040,3
281088,3
280076,4
280896,3
280832,3
275334,2
280796,1
281472,1
277808,3
272680,1
275462,1
280728,2
276260,1
273146,3
278054,1
275508,4
273060,1
274164,1
273052,3
280020,4
276008,1
274536,3
281694,3
272280,1
277176,2
281846,1
278926,3
273970,1
276334,1
283584,4
272498,1
279068,3
280454,1
276622,3
275756,3
275616,1
281860,1
272376,0
279254,1
279356,1
276452,1
276432,2
278002,1
278984,3
274710,3
276012,1
275804,1
274936,2
276616,4
282160,1
273496,3
272764,1
277670,1
281916,1
276612,1
282356,1
278220,1
274622,2
278890,3
274018,3
276102,1
279268,2
272964,3
277252,4
278588,1
276306,1
280838,4
274012,1
275570,3
279772,1
280630,2
276320,1
273512,3
278710,3
272720,1
280224,3
279172,0
277662,1
272782,1
272478,1
285086,0
278820,2
280126,1
276438,1
277462,4
280386,1
278384,1
273846,1
276682,3
275338,3
282912,2
279952,3
280768,1
275854,1
276656,2
276730,3
282340,1
275872,3
273504,3
275752,2
281564,1
279450,2
276666,3
281708,2
278110,1
279662,3
274972,3
272460,1
280958,3
273848,1
279826,1
281606,3
281288,3
272862,3
281460,3
276060,1
277142,3
276370,1
279750,1
273752,1
275580,3
277608,1
275582,4
272392,0
279916,2
278628,1
278806,1
272446,1
278754,0
277064,1
274150,1
282498,4
273332,3
282188,3
272358,3
272402,0
278152,1
282038,4
282116,1
273624,3
278238,1
282476,3
281652,2
278094,1
281158,3
277244,1
279874,3
279286,3
280944,2
276330,1
273476,1
276834,0
275514,3
275210,1
278040,1
282174,3
275950,4
275408,1
279414,3
272188,1
276386,4
275242,1
272784,1
278908,2
282312,1
282106,1
273392,3
275028,3
283156,4
274326,1
277818,4
277676,1
275900,3
281810,1
275694,1
278612,1
281820,1
277196,3
277864,4
273548,3
274858,3
281396,2
272176,1
279570,3
277866,3
280822,3
274040,3
279990,1
279098,3
272956,1
275172,1
279568,3
279932,3
279102,3
280584,3
274628,1
275594,3
273518,4
281122,3
278852,3
279210,1
275392,1
279878,3
276482,1
279216,3
273428,1
278170,1
279092,3
282176,3
272614,3
277198,4
272646,3
274166,1
279714,1
274408,1
280264,3
272930,1
279218,1
282084,1
279866,3
272846,0
283694,4
275848,1
277232,1
281100,3
277344,1
276822,3
280316,3
279806,1
278578,1
278524,1
279062,3
274222,1
275188,1
281828,4
281612,1
274920,2
272584,4
278948,3
281980,1
276902,3
281902,1
274004,1
275586,1
273346,3
274490,2
279542,3
274564,3
278184,1
281776,1
279926,3
280492,1
280560,4
276786,1
276014,4
274246,4
272256,1
281172,3
278784,3
281246,2
274136,3
275896,3
274846,3
273212,1
274192,1
277430,1
274414,1
272510,1
274630,1
277494,1
272082,3
281370,3
282910,4
281596,4
275528,1
275050,2
280376,1
278224,1
282960,4
272162,3
279666,3
273712,4
273090,3
282964,4
276756,1
283272,4
278016,1
279466,1
277084,1
275346,4
276034,1
278242,1
276852,1
276474,1
274894,3
275990,3
280558,3
273354,3
274938,3
275644,3
285532,0
274530,3
278322,1
276898,3
281914,1
278778,3
276478,1
281500,1
274842,0
274602,0
277578,1
281732,3
273460,2
278874,3
272524,1
275618,4
276170,1
277696,1
278486,1
280178,1
277098,1
285256,0
279122,3
273394,3
285196,0
272550,1
285562,0
280168,0
281566,1
274878,1
276888,1
281516,1
276168,1
281540,4
277324,1
275054,3
272942,4
280642,4
280420,1
272860,4
278072,1
272382,1
273660,3
275496,3
278698,1
277008,1
283242,0
278292,1
277040,1
272454,1
274956,3
284162,0
279600,1
280702,3
283170,4
277010,1
277546,1
276304,1
273202,1
278614,1
275712,2
280116,1
273334,3
272966,3
280746,2
280684,1
273350,3
273800,1
274016,1
274818,3
272602,3
272586,0
273396,2
283546,4
276196,1
275862,3
272252,1
278504,1
281356,3
278632,4
276126,1
275966,4
280352,1
281852,1
275506,1
273286,3
280756,2
273696,3
277896,3
273988,1
278952,3
281854,1
280956,3
273170,3
282906,4
275960,3
281016,3
272300,1
277726,1
280662,2
273188,4
281726,2
276974,4
274268,2
279908,3
281750,1
273994,1
282874,2
276704,1
276276,1
278312,1
283356,4
275128,0
275982,4
274292,1
274962,4
272734,1
282468,2
273032,3
280638,1
273224,1
278060,1
280330,2
279196,3
272206,1
276290,1
281644,3
279060,3
279250,1
282478,3
279706,1
276526,1
273210,1
273096,4
277942,4
272740,1
278676,3
281648,2
281532,1
277002,1
274130,3
278044,1
278008,1
281242,4
272616,3
273910,1
279746,3
279968,1
280196,2
279442,4
282074,1
280354,1
273536,3
274244,3
280140,1
273364,3
279290,4
278768,4
279882,3
281210,3
279026,0
278270,1
277558,1
274848,3
274840,3
274864,1
276426,2
275182,1
284564,0
279786,1
272916,3
272748,1
279676,4
276404,1
281864,1
280716,3
280926,3
276654,3
279708,1
273916,1
276516,4
276726,0
273570,3
280176,4
277716,1
281734,4
280536,3
283062,4
276406,1
276864,2
277086,1
280978,3
272396,3
281684,4
281436,3
275186,1
276142,1
273950,1
274482,3
281428,4
281504,1
283318,4
280778,1
276502,1
276646,2
274788,1
280322,2
280300,3
282292,0
273898,1
277314,4
272102,3
279146,3
275344,4
273050,3
275284,1
277480,1
275324,3
272620,4
272400,3
280412,1
276466,1
272698,3
284624,0
272878,1
275256,1
277736,1
276992,1
274334,1
273960,1
272974,2
276104,1
277384,1
283608,4
277636,1
272336,3
281932,1
275474,4
280446,1
272800,1
281048,3
281054,3
277682,1
273826,1
274804,1
274344,1
277768,3
281976,0
281922,4
276924,4
277038,1
279898,4
275016,3
277760,4
285308,0
274284,1
281948,1
277994,1
272458,3
278954,3
280364,1
277204,1
281444,1
274540,3
280082,1
277712,4
273804,1
279604,1
276850,1
273214,4
273968,1
278142,1
279756,1
278500,1
273026,1
282244,4
272348,3
279692,3
274382,1
279364,4
272982,1
275684,3
275460,4
272220,1
275424,1
275062,4
274574,3
277296,1
274466,1
274694,2
282156,1
282172,1
280274,3
285444,0
281782,1
272328,3
285378,0
273948,1
280528,4
280144,1
272690,4
276932,4
280398,1
278336,1
273086,3
274112,2
281518,1
277364,1
282922,0
273324,3
278496,1
278416,1
276894,3
277486,1
272362,0
272656,3
281386,3
276326,1
278428,1
276208,1
277242,1
275024,1
281148,3
282260,1
275892,4
272684,1
272970,1
281044,4
273636,4
279984,1
282350,1
279174,3
278432,1
277360,1
277168,0
273578,3
280284,3
280654,1
274406,4
277032,4
277046,1
281152,3
273330,3
277278,1
276492,1
281904,1
277862,3
280990,3
278740,4
277614,1
278668,2
282892,4
280344,2
273192,4
272722,1
282232,3
272894,1
272628,4
278802,2
281212,3
282020,1
279476,1
280964,3
280290,2
272422,1
280850,3
272354,3
280570,1
281542,1
274122,3
278366,1
280526,3
276874,1
283590,4
279958,3
279988,4
272742,1
279546,2
278750,2
280260,3
278452,1
279718,4
280056,3
274202,1
273776,3
272610,4
277956,4
281498,1
276002,1
275504,3
276274,1
278492,1
274102,1
272908,4
272630,3
274024,3
274666,0
275788,1
282144,1
273500,3
273156,3
278118,1
278652,4
280270,3
281630,1
275784,3
276980,1
273902,1
279420,3
277440,1
275762,4
282064,4
272338,3
277416,1
276634,3
280382,1
278050,1
278202,1
281108,3
285382,0
280184,1
274784,3
278092,1
280742,3
280060,4
279740,3
274280,3
274250,2
274302,1
275568,3
272904,3
279922,3
277470,1
278598,1
278248,1
280524,1
272598,3
279804,1
276382,1
282046,1
274308,1
273614,1
274626,1
275150,3
273368,2
279226,1
280232,2
274484,2
281312,4
273094,4
274794,1
274124,2
273142,3
275068,1
273484,1
278788,4
282596,4
280918,3
278518,1
278282,1
280774,1
275984,3
282008,1
278814,4
273502,3
272868,1
277154,4
278592,1
274668,1
274708,3
281664,3
274906,1
272532,1
275370,1
278712,3
277514,1
280634,1
279404,3
281930,1
279498,1
278498,1
278470,1
275274,4
281344,2
273542,2
274950,3
273070,3
272706,4
272494,1
275908,3
274590,1
282088,1
273048,3
280334,2
278156,1
277678,1
282110,1
276120,1
274348,0
273716,3
275194,1
277782,1
281244,4
276086,1
279222,1
277926,1
280996,2
272324,1
281496,1
278816,4
280448,1
275816,2
274218,1
281676,2
276978,2
281660,3
283936,0
276044,1
279198,4
274354,1
280938,3
279690,3
277026,1
276752,3
277496,1
280922,3
272296,1
273122,3
278570,1
280776,1
281710,3
279824,1
282776,4
276856,3
280236,3
274438,1
277658,1
272196,1
273856,3
275622,4
278010,1
275994,3
276680,3
275958,3
275602,1
276494,1
272314,3
283178,4
284966,0
280786,4
281526,1
280152,4
276436,1
275790,1
285386,0
278848,1
277408,1
280858,3
279238,1
273506,3
274064,1
277826,4
274926,4
277140,3
275414,1
273938,1
277638,1
278532,1
277412,1
277644,1
277570,1
275322,4
272168,4
276136,4
276398,1
276462,1
272538,1
280402,1
279086,4
276174,1
280758,1
280608,4
273278,3
282098,1
279324,1
280888,3
272802,1
273818,1
276574,2
280980,3
278902,2
280862,3
281004,2
274810,3
275766,3
284274,0
275956,4
281524,1
282274,3
277972,1
276520,1
279780,1
276708,3
276286,1
273302,3
273888,2
275166,1
274754,2
277598,1
278542,1
276272,4
279626,1
275464,0
276006,1
274974,3
275422,1
279788,1
276184,1
279516,2
281042,3
275328,3
276782,1
278434,1
274306,1
275750,0
273458,2
274518,2
282434,2
280614,3
278020,1
278288,1
276414,1
276608,3
278918,1
275624,4
275138,3
276964,3
281272,2
281992,4
274940,3
277764,1
274448,1
274984,2
278136,1
272248,1
278966,3
278662,4
274428,4
282438,3
272200,1
274460,1
273018,1
274730,3
280772,3
282908,2
280142,1
278394,1
276848,1
273166,3
279554,3
282234,1
281134,1
277096,1
279462,2
279902,3
276994,1
277640,1
276378,1
273524,3
279550,3
274500,4
274968,3
274458,1
273328,3
281270,3
278444,1
281572,1
275974,3
275318,2
272516,4
278826,2
283610,4
279850,1
279728,3
276728,1
281464,3
273904,1
281412,3
280936,2
272622,1
273000,2
282460,4
275088,3
275034,4
280246,3
277210,1
279074,1
281150,3
283032,4
281404,4
272686,4
275920,3
282320,0
280704,2
272590,3
279366,1
273860,2
273360,3
273552,3
282014,1
272502,1
273882,3
280338,2
277646,1
280566,1
274924,1
277758,3
275296,2
274258,3
278968,4
276054,1
272980,3
281552,3
273730,1
274204,1
278446,1
278478,1
278108,1
273546,3
276592,2
274676,1
281954,1
281636,3
282262,1
278790,4
280128,1
277322,4
277292,1
280972,3
282354,1
272218,1
283064,0
274934,4
273778,4
282006,1
281990,1
273646,2
272308,3
278132,1
275378,1
278840,3
273182,3
272386,1
278146,1
273622,3
279814,1
275098,1
280218,2
281510,3
281508,1
278284,1
272542,3
281840,4
282958,4
273820,1
282060,4
277144,3
280262,3
274966,3
273684,2
280660,4
279774,1
279800,1
276328,1
275372,1
273966,1
278126,1
277410,1
274542,0
277054,1
277320,1
281106,3
279738,3
276140,1
278082,1
278796,3
277794,1
279040,3
278458,1
279464,3
277616,1
272122,1
277104,1
275546,1
280602,4
281326,1
280476,1
277122,1
278868,3
279514,4
281674,2
280872,3
280540,3
280032,4
275238,1
279768,1
279178,3
282200,3
280484,4
274472,1
282216,3
280166,0
280730,2
273098,3
278864,4
276470,4
274378,1
279402,3
276366,1
273464,3
281024,3
277508,1
282480,4
273238,1
272792,1
275174,1
279630,3
281512,1
279406,3
280256,3
279454,3
277420,1
273154,3
279858,1
272558,1
278096,1
277770,1
281192,1
274082,4
274454,4
275316,0
281268,3
276918,3
276458,1
282018,1
275260,1
281742,1
277506,1
280664,1
278314,1
279574,1
278770,4
272778,1
276854,1
274982,3
276308,1
277372,1
273604,1
284560,0
277184,3
280110,3
279302,3
277692,1
280640,4
281806,1
280750,3
281482,4
282126,1
275828,3
274522,1
276118,1
276638,3
280876,3
274332,1
273732,1
278606,1
273588,4
276084,1
278716,3
281842,1
274680,4
279840,1
275810,3
281982,1
278364,1
280280,3
277744,0
272634,3
275642,3
280722,2
275170,1
272236,4
283806,4
273438,3
275432,1
274832,3
278546,1
279960,3
277936,3
282522,4
276250,1
277536,1
276990,1
273708,4
274892,3
281638,3
275612,4
279828,1
281768,1
274616,1
277018,1
282170,3
272124,2
272208,1
278938,3
278236,1
278398,1
273010,1
279586,1
279448,2
281754,1
272984,1
277306,1
273160,3
279438,3
280238,3
272892,1
279502,1
282920,4
276148,1
275036,4
272306,3
272210,4
282374,1
277940,4
279790,1
280230,3
272654,3
279194,3
281942,1
273482,1
280156,1
278226,1
273056,3
281448,2
278574,1
273928,1
275482,1
274738,2
280982,3
273006,4
273342,3
276876,1
272568,3
273280,3
276814,3
274882,3
276536,1
280656,1
281582,3
283076,2
275226,1
279392,3
274752,3
279782,4
277206,1
274062,1
278604,1
276508,1
281656,3
279602,1
281476,3
279948,3
274716,3
272822,1
279500,1
281996,1
274038,1
272310,3
278250,1
277280,1
277840,4
280552,3
282372,1
279490,1
281960,1
276724,1
282486,3
273024,1
278650,1
272350,3
274058,1
276890,1
274198,1
273574,3
279190,3
282332,4
275434,3
276940,3
273298,2
284394,0
276764,1
281454,4
273796,1
276548,1
274884,3
280620,4
274226,1
283264,4
275976,3
277052,1
276244,1
274662,1
277290,1
274146,1
274876,1
276514,1
282302,3
272326,3
274508,3
276554,1
280886,3
276564,1
273874,2
281678,3
278254,1
281872,1
275450,3
277090,1
283586,4
280406,1
281222,3
279236,1
280258,3
273862,4
281030,3
280414,1
279424,2
278988,3
281886,4
279412,3
275298,4
280932,3
278276,1
277628,1
278190,1
281230,1
278792,4
282044,4
275078,1
281798,1
275948,3
277298,4
277970,1
275522,1
273720,3
280588,4
280360,1
273372,2
273132,3
276938,3
277428,4
273108,1
273410,3
277134,3
276758,1
282246,3
274212,1
279142,4
279382,3
277718,1
273226,1
280008,3
276870,1
277722,1
282540,4
274510,1
274792,1
272880,4
281700,3
278106,1
275090,3
281316,1
280130,0
281670,3
274980,3
275060,1
277422,4
280648,1
279436,3
274264,3
273858,3
280494,2
281124,3
279864,1
273258,1
281442,1
278638,1
276284,1
281994,1
276798,1
282102,1
284736,0
273424,3
279380,3
277520,1
282294,3
275390,1
272342,3
278208,1
277672,1
273232,1
282342,1
276624,3
276420,4
280408,1
276916,3
279664,4
272264,3
273420,1
280124,1
279978,4
284790,0
280378,1
282082,4
277186,4
278640,2
280070,1
279458,3
278584,1
275620,1
281724,3
272626,3
278192,1
276156,1
281160,3
275356,1
278066,1
280726,2
281884,1
277042,1
282278,1
274592,1
277082,1
281114,4
281946,4
275870,3
275030,3
280416,1
280304,1
273404,1
274686,1
272438,1
277250,1
276298,1
279456,3
278844,1
275164,1
277288,1
273124,3
274890,3
278080,1
272820,1
276696,3
281562,1
278688,3
279104,3
272668,4
279394,3
278306,1
281094,3
281056,3
280214,1
274404,1
279170,3
281290,3
280992,3
278088,1
274374,1
274002,4
278388,1
273534,3
273792,1
274756,2
272470,1
272840,3
273690,4
272384,1
272388,4
273388,2
281634,1
285384,0
280628,3
273668,3
279752,1
278296,1
276064,1
283180,4
281784,1
272642,3
273758,4
272180,1
274234,4
282288,4
281438,1
279608,1
281144,3
274060,1
272144,1
273834,4
273340,3
273454,3
281262,3
273986,1
275608,2
275532,1
276524,1
279410,2
282034,1
285254,0
281128,3
272312,4
281076,3
278540,1
273596,1
282914,2
281362,3
275996,3
277502,1
280898,3
278166,1
276934,3
279742,3
278812,3
272260,1
272754,1
282966,4
274740,3
279610,1
278682,3
280818,3
275176,1
278666,2
280302,3
276088,1
272736,4
285534,0
279358,1
272826,2
279248,4
277284,1
281962,1
275042,3
277230,1
280752,3
272700,4
274418,1
275072,4
275542,1
272424,1
273630,3
281918,4
278866,1
273538,3
279606,1
282470,3
281794,1
272434,1
281020,3
280744,2
274422,4
272158,1
275512,1
280934,3
278896,2
278958,4
278808,3
273770,3
273658,1
274282,1
279520,3
273956,1
275866,3
273398,1
274256,2
285112,0
276358,1
281388,3
279058,3
274896,0
274932,1
273038,2
281934,1
277568,1
285544,0
282066,1
278718,3
279400,2
277620,1
274030,4
280948,3
272514,2
280960,3
276718,1
276528,1
282784,2
276252,1
275864,3
272858,1
282364,1
274330,1
279314,1
277858,1
274584,1
276022,1
277528,1
280456,1
280400,1
280424,1
275104,3
281432,1
277724,1
277548,1
279862,1
274608,1
278898,2
273406,1
281366,3
272320,3
272482,1
279176,3
275350,4
273304,2
273872,1
278764,3
277214,1
277924,1
280546,3
276162,1
282290,3
280276,3
281550,3
284418,0
280368,1
273418,4
281632,3
276780,1
278594,1
273284,3
275126,2
279332,1
281614,4
277398,1
274806,3
277618,1
279658,4
274336,1
275406,1
281248,3
279166,3
281250,3
278720,1
282786,0
278644,1
275606,4
273316,3
280672,1
275954,4
281214,3
280500,1
278134,1
275704,2
281964,1
277974,1
277504,1
272806,1
276346,1
273178,3
275106,4
282250,3
276530,1
275374,1
278678,3
275468,3
285348,0
274774,1
272664,4
279260,1
276332,1
280780,3
280950,4
273066,3
278462,1
272672,3
276602,4
276596,2
281838,1
275802,3
279446,3
272596,3
277072,1
285504,0
280312,4
277004,1
274908,3
274854,2
274370,1
279118,3
275342,4
273046,3
277702,1
272512,2
281400,3
274118,1
273932,1
274020,1
281102,3
278526,1
275476,3
274468,1
274834,3
277166,4
275856,1
285248,0
279492,1
279348,1
278058,1
279308,3
274746,3
279912,3
282120,1
282280,4
280012,4
278670,4
284566,0
272768,1
280946,4
275710,1
281624,1
273642,3
275890,3
285362,0
281536,1
277202,1
273176,3
275540,1
279088,3
279384,1
278122,1
277262,1
273230,1
272148,1
275158,4
281238,3
278374,1
273356,3
281610,3
282212,1
272560,1
277224,1
277460,4
284686,0
279590,1
274684,1
278620,1
274986,3
274658,1
277664,1
280900,3
285506,0
281014,3
279052,3
281340,3
275820,4
272812,3
272578,4
275536,1
281066,4
282416,4
275852,1
277380,1
273470,1
276268,1
275250,1
274990,2
275420,1
278490,1
281038,0
277498,1
274506,2
279596,1
274304,1
279674,3
282242,1
275846,1
276676,3
274208,1
272418,1
273676,2
277928,1
278970,3
280148,4
279936,4
277894,3
278942,2
278800,3
279716,3
275716,3
276936,3
272286,1
278460,1
279426,4
275796,1
278124,1
278252,1
274976,3
278736,1
283598,4
274862,1
276844,1
276862,2
273034,3
276986,1
273294,2
276380,1
277340,1
280072,4
277066,1
276766,1
285380,0
280534,2
272814,3
272106,4
273344,4
279834,1
273062,1
277668,1
275686,1
281816,1
274194,1
274398,1
278340,1
273326,3
274534,1
276128,1
279724,2
281616,1
277948,1
279328,1
274814,1
273922,1
273972,1
275294,4
275492,3
277632,1
277690,1
275026,0
276188,1
276906,3
279320,4
281640,1
280018,0
274492,2
274624,1
282100,1
274634,1
278048,1
273544,4
272426,1
282228,1
275282,1
273252,1
279240,1
280216,4
278708,3
272178,1
275110,3
283938,0
272172,1
274104,2
285512,0
272874,1
279164,3
280906,3
278872,3
279618,2
273216,1
275740,2
274444,1
274586,4
280530,3
273724,3
276068,1
276096,1
279508,1
274410,1
278544,1
272712,4
279986,1
273802,1
281752,1
281970,1
279836,1
279820,1
278084,1
281662,3
279030,2
282492,4
278186,1
274776,1
276100,1
279938,4
279562,3
280604,3
277534,1
278386,1
277910,3
274870,1
279696,3
280288,1
278164,1
277748,2
274636,1
280336,2
279022,1
274852,3
275552,1
282422,2
280466,1
277604,1
272154,1
280788,4
275558,4
273594,1
279946,3
279584,1
275806,1
282190,3
281002,1
283624,4
272140,3
278172,1
276372,1
281762,1
273058,3
272126,4
273290,3
276510,1
276926,3
272652,4
275410,1
275660,1
275530,1
281668,3
276050,1
281308,3
279444,2
280806,3
280562,3
278772,1
272084,1
272692,4
280482,3
273962,1
272998,1
276402,1
272780,4
275656,4
273036,3
279370,3
272818,1
280340,2
275808,3
273958,1
275500,1
276996,1
272752,1
281556,3
273824,1
275196,1
280842,4
283082,4
274078,4
275416,1
277564,1
284994,0
278694,0
278286,1
279694,3
273766,1
281558,1
275584,3
275230,1
281896,1
272380,1
279558,3
273952,1
274502,4
278466,1
277522,1
279920,3
279368,3
278436,1
273628,3
278832,3
273946,1
273616,4
278512,1
274440,1
272450,1
273666,4
285092,0
277830,4
276214,1
273744,1
276816,1
279688,3
272948,1
275968,2
276922,3
280686,1
279480,1
281130,3
276256,1
274644,0
279892,2
273240,1
276892,1
281788,1
280912,4
272330,3
275842,1
275232,1
278358,1
280328,3
277012,1
278422,1
275208,1
279484,1
273788,1
274160,3
275312,1
282360,1
273102,2
273852,4
281848,1
282464,3
276664,3
277080,1
278980,3
277728,1
277700,1
278630,1
280930,3
280810,3
272398,3
275824,4
276454,1
280182,4
274346,1
281938,4
280714,4
280694,0
276534,1
278658,2
274678,1
277746,1
283154,4
275924,3
279422,2
277378,1
275262,1
279598,1
280496,2
272374,1
281874,1
277446,1
274178,1
277958,4
280094,1
275048,1
278714,3
278418,1
273308,4
272618,4
273092,3
279042,3
285528,0
281578,4
278494,1
277968,1
275906,3
279904,3
285090,0
274824,4
276074,1
275038,2
279734,3
278944,3
276560,1
275578,3
275212,1
272744,1
275108,3
279474,4
281352,3
281868,1
282048,1
274640,1
276618,3
275440,3
273980,1
279350,1
275980,3
281514,2
282086,0
274138,3
272254,1
276738,3
280522,3
272092,3
278308,1
273348,3
275598,3
275436,3
279928,3
281068,3
279822,1
276930,1
272394,1
280692,3
273106,2
278582,1
281712,4
274642,1
279594,1
277572,1
280658,1
281978,1
272760,4
276262,1
278448,1
282000,1
280464,1
278138,4
276546,1
280518,0
276130,1
279886,3
279200,1
278038,1
281944,1
281882,1
277674,1
276840,1
274360,1
281600,4
273934,1
280618,0
274758,1
279182,3
280924,3
274474,1
278376,1
279488,2
278174,1
279760,1
273674,2
274706,4
275132,1
280740,4
272762,1
272830,4
281826,1
275300,1
276374,1
280134,1
285402,0
283460,4
278900,2
272936,2
280486,1
273650,3
280356,1
272710,2
280622,1
274544,3
275012,3
280298,1
276626,3
277014,1
275650,1
273554,1
286544,1
286290,1
284598,1
286112,4
284762,3
284382,2
283782,2
282722,1
283094,3
285634,4
283258,3
283750,1
284698,4
283774,1
283826,1
283686,3
284558,3
286136,1
285182,1
283056,3
285862,1
282882,3
282594,1
286646,4
285672,0
283706,3
283620,3
282668,1
286590,1
285032,4
286322,1
283556,3
284434,3
282400,1
286770,0
284696,1
286024,4
284872,1
284356,1
284528,1
285236,1
284186,2
284108,1
284284,4
284902,4
285400,3
286508,1
284064,1
284000,1
284286,4
285172,3
285650,1
283630,1
283954,1
283336,1
282604,1
284436,3
283712,3
286566,1
286552,3
284526,1
285940,1
283730,1
282582,3
286176,4
286146,1
284822,3
285958,3
286902,3
282532,3
284090,1
283188,3
284494,1
286572,4
285846,1
286762,4
283678,3
282648,1
285106,1
286456,4
283496,3
283506,3
284570,3
285288,1
284486,1
285630,4
286052,1
284702,3
283316,1
284228,1
282928,1
283404,2
286724,3
284592,1
285888,3
284366,2
285026,1
286882,0
282682,1
283908,2
285776,1
283340,1
285326,3
283454,1
285022,1
284626,2
283644,3
284754,3
285094,3
286386,1
285082,4
283732,1
282388,1
286546,1
286200,1
284900,1
285962,1
284408,1
284372,3
285566,1
284816,1
285250,3
282896,3
286534,4
285390,1
284112,1
283312,3
285244,4
287048,2
282634,1
286854,3
285660,4
283014,3
283550,2
285510,1
283304,3
285898,0
282602,1
287034,2
283788,1
284968,4
286274,0
284770,3
285894,4
286592,1
282494,3
283116,1
284100,4
286884,0
283892,4
285198,4
283968,1
285436,4
284454,2
284262,1
283562,3
285764,1
285768,1
284662,1
286250,4
287070,0
284244,4
284444,3
284196,3
284376,2
285960,4
285966,4
284606,3
282880,3
286270,1
284438,3
284424,3
284744,3
284368,2
284610,3
283762,1
285332,1
285932,4
286142,4
285980,1
282654,1
285412,1
285994,1
285328,3
286644,3
282616,1
282404,1
284656,1
286298,4
282706,1
284524,1
285240,1
284138,1
284728,3
284536,1
284876,4
286340,4
285854,1
283838,3
284098,1
285264,4
285936,4
283136,2
286664,4
285860,0
284142,1
284926,1
286086,1
286582,2
285646,1
286358,0
286500,1
284072,4
283030,3
285010,1
285998,1
285580,1
286484,4
283870,4
283746,1
284280,4
285592,1
282792,3
285210,3
282584,3
285220,4
283760,1
286570,1
282864,3
287030,2
283922,1
283756,1
284452,4
282842,3
285492,3
286292,4
286344,3
284752,3
283800,3
286554,0
285422,1
285142,4
284194,3
286470,1
282972,3
283370,3
283538,3
286166,3
282642,1
285334,4
284596,1
282562,3
283540,3
283412,3
283998,1
285844,4
284024,1
284714,1
282672,1
284492,1
286440,1
283554,3
283374,3
283832,2
282538,3
285194,1
287062,0
286276,4
284906,1
286422,1
285350,1
284076,1
283310,2
284814,1
285726,0
286406,1
287002,0
284258,1
283320,1
283484,1
284544,3
283552,3
284016,1
286522,1
282926,1
284146,1
284670,3
285174,3
285778,1
283520,3
282816,1
284932,4
284842,1
287042,2
286598,4
284830,1
286370,1
285678,1
283446,3
287196,2
283148,1
282690,1
286768,0
283798,1
284110,1
283588,2
285024,1
282938,1
287064,0
283810,3
285918,4
286556,0
283970,1
284282,4
282614,1
284278,1
283728,1
282592,3
283012,3
283392,3
285720,1
284786,3
286218,1
284708,3
286412,1
283232,1
284046,1
287314,2
286208,4
282828,3
282700,1
286452,3
284912,3
285316,1
283616,2
282618,1
284292,1
285274,3
283016,3
283674,3
282942,3
282934,3
284488,1
283926,1
284398,2
285246,1
285298,3
283162,2
284858,1
285780,4
286258,1
285696,3
283376,3
283778,1
284540,1
284908,1
285748,1
285442,3
283622,1
286672,3
284760,2
284576,2
285840,4
285874,1
286886,3
286378,0
285758,1
285434,1
286056,1
284916,3
283182,3
286856,0
286338,3
283360,2
285694,1
284958,1
283344,1
284122,1
286822,4
285814,1
284506,1
286928,3
286654,4
284502,1
286354,1
285880,1
284630,3
285884,0
283388,2
286910,0
283744,1
283628,1
284220,3
284442,3
285134,1
282622,1
284242,4
285982,1
284514,1
285658,3
285810,0
285886,3
286388,1
286808,0
282630,1
285076,4
285144,1
286616,3
284088,1
282860,3
286304,0
285702,4
286888,3
283346,3
286612,3
285168,3
285488,1
284070,1
283226,1
285072,1
286028,1
285080,4
285462,3
283862,2
285828,1
285028,1
284498,1
284780,1
283572,1
283334,1
285856,1
283646,3
283708,3
285070,4
286074,1
285238,2
282598,1
286576,4
284998,1
283780,3
283236,1
282774,1
286532,1
284324,4
283786,3
283186,3
285148,4
285796,1
285772,1
284082,1
282840,3
284226,4
282886,3
283524,3
283542,3
283114,1
284120,1
284930,1
283988,2
285078,4
282994,3
283820,4
286098,4
284532,1
283314,2
284920,1
286252,3
285286,1
282940,3
284796,2
285752,1
284552,1
286328,3
286670,4
285100,3
285698,3
284330,1
283764,1
282804,3
283860,2
285750,1
285682,1
287024,3
282652,1
284066,1
286152,4
282550,1
285258,4
284152,1
286614,3
282870,3
284396,2
285786,1
282546,3
287082,0
284972,2
283638,1
284012,1
283578,3
284298,3
284044,1
283024,3
283886,1
286408,1
285368,3
286530,4
285426,1
287198,2
286490,1
284078,1
284868,4
283066,1
282740,1
282730,1
284774,1
284952,1
283018,1
285522,1
285062,4
285648,0
287006,2
284584,3
286400,1
284430,3
284620,3
286242,1
286816,4
283124,1
283004,3
285784,1
286190,1
285952,4
283060,1
286068,4
285914,1
285736,1
284400,3
283398,3
284136,1
285714,1
282664,1
283932,1
285296,1
282600,1
285060,1
287218,2
286162,1
286168,0
284632,4
282656,1
284962,4
286296,1
286070,1
282742,1
285728,1
286064,1
285852,1
283500,3
283250,3
284240,1
287044,2
283580,2
284990,3
284026,1
284788,1
282726,1
285872,0
286540,1
286528,1
286494,1
284538,1
286564,3
283948,1
282796,3
282560,3
286940,2
285882,3
282766,3
285640,1
283278,2
286514,1
283946,4
283828,4
284238,1
286040,4
286326,0
286364,1
283802,3
286342,1
285272,1
286336,4
284746,3
286642,0
284718,1
284308,3
285740,1
287008,0
283648,3
285518,1
283096,3
283146,1
286722,3
282636,1
283950,1
287032,2
285908,4
284864,4
285424,4
283488,2
282800,3
285474,2
283444,3
283582,3
286308,4
282666,1
283248,1
285052,1
285564,1
286360,0
285826,1
286144,1
283472,3
284586,1
283424,3
283044,3
284204,3
284694,1
282448,1
286334,1
286652,3
287066,0
282556,3
284410,4
286398,3
284660,1
282748,1
286460,1
284530,1
285802,1
283046,3
286316,3
284094,1
284800,1
284080,1
283848,4
287020,2
283824,2
287050,2
283198,3
284546,1
286126,1
283132,2
285586,4
284590,1
285542,1
284002,1
282944,3
285636,1
283270,2
286666,4
285208,3
286240,4
284824,1
283438,1
285904,1
285730,1
284946,1
283134,2
284976,3
282858,3
286000,1
285538,3
284154,1
286580,1
282954,1
284252,1
285200,4
284602,3
283842,3
287200,2
285526,1
284884,3
283754,1
285704,1
284300,3
286734,4
283184,3
284086,1
282684,1
284116,1
285594,4
283322,1
282984,3
285120,3
283410,3
282632,1
286170,1
286282,1
283324,1
283558,3
284020,1
282692,1
282678,1
285222,1
285494,1
286430,3
284852,1
283560,1
286438,4
285346,4
286574,4
282390,1
286182,4
284150,1
283680,3
284772,1
285496,4
282658,1
285588,3
284206,2
284316,3
283468,3
286868,3
286744,0
286468,4
287046,2
284352,2
283914,1
282802,3
283804,3
284384,2
283574,1
283380,3
282720,1
286488,1
285164,1
286082,1
282606,1
283238,1
282424,1
284854,1
285224,4
286246,1
286178,1
285618,1
282542,3
286694,3
284784,3
284622,3
284350,1
285482,1
283748,1
284340,1
283888,1
285366,4
283796,3
283382,2
283738,1
285716,4
285310,1
284208,2
283742,1
284888,3
286114,4
284474,1
285680,1
286542,1
286254,1
285056,4
284234,1
283022,3
285266,1
284910,1
285928,1
285068,1
285568,3
283142,1
284508,1
286236,1
287028,2
283822,2
286648,0
283980,3
284894,3
285360,1
283230,1
282872,3
284682,1
284534,1
282970,3
284928,1
286084,1
284608,3
282736,1
285480,1
283600,2
282620,1
285126,1
286740,3
284386,3
285118,4
283688,3
283218,1
284934,4
285192,3
284550,1
283152,1
284450,2
285944,1
285404,1
285314,1
285302,1
283790,1
285600,1
283614,2
285964,1
285108,1
286054,4
286372,1
286384,1
286222,3
282386,1
284334,2
283672,3
286320,1
283086,1
284348,4
285596,1
285292,1
285280,1
285230,1
283330,1
283636,3
286916,3
283890,4
286704,4
282530,1
284542,1
285654,0
283836,4
285574,1
286368,1
285356,3
284198,3
285616,1
284826,1
283784,3
285228,4
285446,1
286852,2
283420,3
287038,2
282868,3
286348,4
285088,1
285324,4
286944,0
284628,1
285336,1
286234,1
282798,3
283956,1
283548,3
287060,3
284692,1
286198,1
283846,1
283526,2
286638,2
283878,1
285692,1
284270,1
285066,1
284210,2
282850,3
285050,1
286640,4
286138,1
285614,4
285188,3
283722,1
285002,1
286578,1
283054,3
285590,1
286228,1
286498,4
286922,0
283910,3
285836,0
285812,3
283752,1
285040,4
284378,2
283210,3
284880,1
282782,3
284882,1
286014,1
285516,3
284798,4
285440,3
285006,1
285242,1
282384,1
286874,3
286036,4
283894,1
286462,1
284106,1
284648,1
283408,3
284978,1
286520,4
283038,3
282768,3
283534,3
284734,1
284118,1
286012,4
283656,1
286154,1
285656,1
285146,1
283992,1
284942,4
282430,1
284132,1
283502,3
285766,1
286604,4
283342,1
285626,1
286188,1
286728,4
286312,0
283158,2
283106,2
283794,3
285706,4
284374,2
285578,4
286878,0
286102,3
286950,3
287054,0
284924,1
285344,1
284940,4
283288,3
283596,3
284578,2
285674,1
284416,4
286008,1
284638,3
284836,1
284170,1
285976,4
284840,1
286100,1
282708,1
284058,1
285684,4
282758,3
285226,1
284510,1
285498,1
286122,1
282694,1
286280,1
282862,1
285744,1
285934,1
283432,3
282702,1
285662,3
283522,1
284236,1
286294,4
283386,3
286262,1
283128,3
283618,2
284460,1
284890,3
284482,1
285054,1
285312,3
283422,3
286104,1
285102,3
285602,1
283854,3
286860,3
286956,3
283658,1
283664,3
284904,1
285868,1
283282,2
286588,1
285924,4
286044,1
285268,1
284272,1
285104,3
283332,1
285708,1
283442,1
284174,1
286442,1
285046,1
284230,4
286076,1
283516,3
287080,0
284158,1
284652,1
284342,1
285154,1
286560,4
284922,3
285096,3
286110,1
285048,1
285742,1
284944,2
283168,3
286898,3
283348,3
283792,1
284850,1
283122,1
282698,1
283208,3
285842,4
285606,4
283758,1
284572,3
286332,1
284010,1
286992,3
284476,1
284192,3
285870,0
286630,4
284004,1
282932,1
284480,1
287088,0
284250,1
286090,4
282884,3
286356,1
285838,0
286776,3
286806,4
285782,1
283074,1
286016,1
284404,3
284290,1
283126,1
284668,3
285690,1
283772,1
285270,3
285700,1
286586,4
283868,1
286350,1
282738,1
283512,1
285988,1
282756,1
284128,1
287040,2
283476,3
284612,3
286058,4
282754,1
283098,1
283470,3
284866,1
285276,3
283928,1
283652,1
286736,4
283568,3
286914,2
286080,3
282612,1
282520,3
284554,1
283290,3
286466,4
283964,3
286562,1
286362,0
284818,1
286464,3
284462,4
284562,1
287090,0
284642,3
286876,3
284276,1
286214,1
286482,1
285464,3
286766,3
286492,1
283150,1
283514,1
284738,1
285916,1
286134,3
284804,3
286568,1
282830,3
286216,4
286764,4
286150,4
284954,3
283478,3
283034,3
283700,2
285676,1
283866,4
283390,2
283302,2
286896,3
283384,3
284988,1
286160,3
285972,1
285170,1
286148,1
285624,1
286458,4
285190,1
283704,2
286158,1
285922,1
282406,1
286066,4
282762,1
285370,1
283042,3
284936,3
283306,3
285260,1
282680,1
283606,3
282846,3
284428,4
286448,4
283252,3
286558,3
285454,4
286404,1
282670,1
283366,2
285834,3
282426,1
285878,4
286506,1
285622,1
283108,2
286472,4
286690,4
282588,1
284782,3
284518,1
286048,1
284470,2
285974,1
286394,0
282946,3
282392,1
282848,3
284810,1
286656,4
284212,2
283896,1
285930,1
283458,3
284846,1
285738,1
287000,2
283048,3
282878,3
284838,1
285180,1
286106,3
283864,4
284370,2
285970,1
285284,1
283830,1
284022,1
286092,4
284720,1
284180,1
286414,1
283876,2
283654,1
284616,3
285354,4
283884,2
283214,1
284156,1
285128,3
285520,1
283204,3
285152,1
285824,1
286204,3
282770,3
284898,4
283996,1
286948,3
284644,3
287330,2
286954,0
283456,3
284676,1
284504,1
285816,1
284580,3
285902,0
283668,1
283326,1
287310,2
284986,3
286796,4
285584,1
282890,3
283990,2
285202,1
282418,1
285858,0
286380,4
283770,1
283430,3
283816,4
282548,3
284188,3
284722,1
285416,1
285466,3
285848,4
286032,4
284084,3
283434,3
284412,3
286140,1
283006,3
286278,1
285954,3
286302,4
286212,1
285460,4
282916,1
284332,3
283840,2
283930,1
286550,3
284304,4
286814,4
285458,4
282788,3
285116,1
282414,1
283710,3
284362,1
283818,4
284636,3
286396,1
284680,3
285550,4
286742,4
283916,1
285990,1
283428,3
284392,2
286424,3
286060,4
283092,3
284314,3
282524,1
285910,4
283072,1
283144,3
286184,4
282924,1
286418,1
283300,3
283224,1
285732,4
282650,1
284358,4
284820,3
285798,1
283440,3
284346,1
285992,1
285774,1
284794,3
284500,1
285892,0
286524,1
284776,3
284248,1
284756,1
283058,1
283532,3
284490,1
282536,3
283480,3
283452,3
286426,3
286206,1
284674,3
286890,0
285948,3
285016,4
285612,4
286172,4
283298,3
285688,3
285110,4
282826,3
282710,1
286480,1
282778,3
285432,4
285158,4
284464,1
283676,3
286870,3
282852,3
284074,4
282950,3
283972,4
283958,4
284484,1
283212,1
287018,2
285554,1
285138,1
283660,1
284448,2
285156,3
285754,1
285374,3
283984,2
282704,1
286030,1
286818,4
285912,0
284828,1
283292,3
282894,3
283670,3
284742,3
284812,1
284214,3
286232,1
286516,1
283684,3
283880,1
285502,1
286366,3
282640,1
286202,4
286078,4
285548,3
284750,3
286288,3
283852,3
283492,3
283490,3
285342,4
283240,1
285718,4
283566,3
283986,2
286446,1
285804,1
282794,3
283966,2
282382,1
282610,1
284032,1
283052,3
286912,0
285452,3
285638,1
283268,2
282572,1
285012,4
285486,3
283396,3
285968,1
285300,3
284716,1
284996,1
285832,1
282508,3
283474,3
286268,4
285330,3
282660,1
284168,1
285122,1
286788,4
286180,4
286196,1
284764,3
283634,2
285642,1
282806,3
283960,2
285306,1
285864,4
285822,1
286224,1
286374,3
285666,1
283974,1
285808,0
284054,1
286536,1
285290,1
282746,1
285438,4
283604,3
284320,3
284516,1
284730,3
284650,1
286444,1
287026,0
284406,3
283110,1
286094,3
284848,1
285938,4
283736,1
283498,3
286410,1
282644,1
285064,4
286050,4
285830,1
282412,1
284184,3
282752,1
284134,2
283850,3
286778,4
285018,3
282564,3
282624,1
283872,2
283702,3
282988,3
285468,1
284256,1
286284,1
284640,3
283536,3
283228,1
286924,0
282688,1
284166,1
283494,1
287014,0
285610,3
282568,3
286266,1
286376,3
285140,1
286454,3
285428,1
284568,1
284294,1
282398,1
286042,4
285282,1
285004,1
285352,1
286128,1
285906,4
286318,0
283510,1
285038,1
284224,3
283642,3
284832,1
283994,1
286782,4
283120,1
286382,0
282408,1
284056,1
283856,3
286046,4
284264,1
282586,3
285926,4
286504,1
285320,1
283166,1
283576,1
285524,1
282818,3
284008,1
286330,4
284600,3
282574,3
284390,3
284870,4
284432,3
284860,3
283698,3
286346,1
283294,3
283028,3
286538,1
282488,1
285866,1
282580,3
285136,1
287022,2
283354,2
285204,3
285552,2
284582,3
284216,3
285558,1
282662,1
286966,3
283394,2
283962,2
282790,1
282676,1
284222,3
284604,3
282420,1
285540,1
284420,3
283466,3
284144,1
285098,3
284030,1
284748,4
284062,4
286238,1
285644,4
286244,1
284844,1
284700,3
283504,3
284124,1
285338,3
286486,1
284296,1
284068,1
284892,3
285114,1
284834,1
284126,1
282844,3
286004,1
285178,1
283718,1
283544,3
284014,1
284964,4
282674,1
285604,1
282750,1
286072,1
286392,3
285124,1
282608,1
282974,3
285722,0
283844,2
283640,2
284232,1
284190,3
283328,1
282504,1
285014,3
283486,1
285030,4
285020,4
285956,1
284268,1
286132,3
286476,0
283436,3
284326,4
284658,3
282410,1
286526,4
284690,3
284938,3
283286,2
282780,3
283000,1
286192,1
285608,3
285530,1
283418,3
282576,3
284684,3
283740,1
284856,1
284688,1
285484,4
282948,3
282996,3
283716,1
284634,3
283834,4
285950,3
286990,3
285756,1
285372,1
283448,1
286116,4
285978,1
283200,3
284948,3
285406,1
286732,3
286936,0
284306,2
286880,0
284338,1
285162,1
283202,3
286402,4
283858,2
284472,1
284402,3
285364,4
284712,1
283068,1
284588,1
283934,1
282854,1
283918,1
283724,1
283776,1
284130,1
284266,1
283978,1
286156,1
286006,1
286496,1
283902,4
284970,4
282402,1
286996,0
282822,3
285392,1
285620,1
285304,3
285176,1
284388,1
282686,1
284202,4
286264,4
284984,1
285212,3
283528,3
285598,1
285762,1
283194,3
285044,1
286226,1
283726,1
284036,1
283400,3
285800,1
285900,1
284956,4
285318,1
286518,1
285746,1
287016,2
284246,1
283626,1
283362,2
284322,3
284778,3
285996,4
284178,1
282590,1
286450,3
285232,1
285734,1
283462,3
283274,3
283036,3
282396,1
282696,1
286474,1
285850,1
286594,1
282810,3
286660,3
282718,1
285664,4
283682,3
285806,3
284468,2
286286,1
285792,1
285508,1
286260,1
283138,1
283882,1
283942,1
283118,1
285670,4
286662,3
284182,1
286256,1
283612,2
286022,1
285920,1
286038,4
282732,1
286118,1
285340,1
286434,1
284028,1
286390,1
284336,1
283008,3
285724,3
284548,1
283426,3
284678,1
286478,1
285712,1
282712,1
282728,1
284060,1
282626,1
286230,1
284664,1
286436,3
284918,1
286548,1
285132,1
285160,3
286310,1
283084,2
284896,1
286906,0
286306,4
284034,1
284318,3
283416,3
284048,1
286502,1
284114,1
286248,1
284960,1
285058,1
286314,0
284618,3
284862,4
284092,1
282552,3
284520,1
287010,0
285184,1
284096,1
284594,1
282760,3
285448,1
282992,3
283350,2
286428,3
283906,3
286010,1
284040,1
283482,3
283220,1
285820,4
283912,4
285986,1
283192,3
283368,3
284950,4
283650,1
284672,3
284302,3
286272,0
285514,2
286174,4
282744,1
283530,3
285322,1
284982,3
284802,3
284312,3
286120,3
283026,3
283174,2
283944,1
285394,3
284512,1
284726,1
287036,2
284574,2
286634,0
282646,1
284458,3
286600,4
282628,1
284808,1
282558,3
283040,3
286610,3
283130,2
284102,1
284414,3
284360,2
282518,3
283378,2
285262,1
283244,1
286062,1
283450,1
284344,1
285218,4
285166,3
286682,4
285408,3
283020,3
286622,3
286026,1
282714,1
286904,3
284466,1
283338,1
285214,1
282716,1
282514,3
284666,3
283632,3
286194,1
282902,3
286510,1
286018,1
284288,4
284148,1
285668,1
286626,4
283262,2
285710,1
285770,1
284478,1
282836,3
286432,0
286108,4
285946,1
285278,1
284704,3
283112,1
286124,1
283002,3
284724,1
284758,1
285036,4
286164,3
285150,1
282812,3
285790,1
283088,2
283010,3
286998,2
282500,3
284218,3
286096,1
286186,3
284328,4
286020,1
286002,1
285788,1
285572,4
285628,4
285358,3
284176,1
283940,1
283720,2
282394,1
283196,3
284806,4
283222,1
286416,1
283296,3
284160,1
286926,0
284456,2
286220,1
286420,4
285130,1
284886,3
283414,3
286088,4
285984,1
284654,4
283898,4
284766,3
283104,3
283140,1
283976,3
284974,4
283874,2
282930,1
283308,3
284260,1
283766,1
285686,3
284380,2
285890,4
285652,0
283358,2
285942,1
284740,1
284052,1
285456,4
284310,3
284522,1
285478,4
282570,1
285500,1
282734,1
283246,3
286352,4
286512,1
285294,1
283102,1
282764,3
285876,3
285000,1
284200,3
285582,4
284254,1
286210,1
285034,4
283768,1
285420,4
286584,4
284018,1
285570,3
285760,1
286034,1
284768,1
286894,3
283190,3
286300,1
285450,3
284614,3
283982,2
285818,1
282638,1
285042,1
284874,3
284006,2
282838,3
286130,4
284992,2
285008,1
283464,3
284038,1
284706,1
285896,0
284556,2
286720,0
284496,1
283924,4
286324,1
284710,4
283406,3
284364,2
285794,4
284792,4
285234,1
284104,1
288312,3
287116,0
287208,1
286900,1
287160,1
287078,1
288452,3
287880,1
288754,3
287950,1
288692,3
288826,3
287322,3
287624,2
288640,3
287424,3
287442,1
288268,4
288056,1
287336,4
288264,3
287712,3
288086,1
288854,3
288122,1
288498,4
288018,0
288370,4
288276,1
288400,0
288792,3
287348,1
288124,1
287422,3
286962,4
286844,4
287206,1
288108,1
288392,0
286974,1
288188,1
287560,4
286706,1
287612,2
288664,3
288646,4
288160,1
288870,3
287524,1
287824,1
287098,0
288104,4
287274,3
288148,4
288222,3
288824,1
287868,4
288292,4
286846,4
286976,1
287574,1
287644,3
287356,1
288256,3
288366,4
286608,1
287576,1
287590,3
288606,1
287286,3
287672,3
288762,3
288850,3
287248,1
287992,1
287114,1
288158,1
288474,1
288768,4
288000,3
287896,1
288380,2
287854,1
286994,1
287698,1
288408,4
288224,4
288416,3
287150,1
287468,0
288786,2
287416,3
287258,1
287632,3
287134,1
287110,0
288194,1
287404,1
288116,1
287508,2
288748,3
288562,3
287884,1
286850,1
287812,1
287666,1
288622,3
287504,0
287052,1
288202,1
286838,4
286754,1
287252,4
287312,4
288172,3
288630,4
288208,3
287614,2
288356,3
286864,1
288530,1
287898,1
288636,4
286798,1
287726,1
287100,0
287802,1
287820,1
287910,1
287146,4
287102,0
288298,3
288466,1
287436,1
288216,4
287760,1
287542,4
288020,1
288028,4
287482,4
288820,3
287978,4
287394,3
288830,1
288552,3
287842,1
287748,1
288036,4
287848,1
288808,1
286800,1
287792,1
288340,3
287358,1
288406,4
287744,1
287168,3
287076,1
288060,1
287502,2
288420,3
288448,2
287398,3
287652,1
286684,1
287934,1
287528,4
287500,4
288130,1
287852,4
288310,3
287536,1
287338,1
288572,1
288846,3
287254,1
286834,4
288544,3
286738,1
288584,3
286758,1
286964,1
288738,1
287924,1
287122,0
288638,4
287738,3
288110,1
287918,1
288398,1
286862,1
288740,3
287156,1
288610,3
287954,1
288038,4
287928,1
286712,1
287292,3
287804,1
288680,3
288772,2
287874,1
288128,4
286832,1
288210,0
287796,1
287976,4
288376,2
287556,2
288848,3
286710,1
287906,1
288170,1
288390,3
287448,3
288722,3
288324,3
287074,1
287092,0
288794,3
288184,3
287406,1
287072,3
287364,4
287970,1
286952,1
288648,1
288798,0
288214,3
287128,0
288414,3
287342,1
287360,1
288776,1
287546,3
287600,4
288026,4
286678,1
288142,4
288814,3
288052,1
287540,1
286726,1
288190,1
286618,1
287720,1
288320,3
287752,1
287256,4
286772,1
288412,3
287486,4
287264,3
286746,1
288182,1
288434,3
287994,1
287204,1
287850,4
288702,3
288072,1
288294,3
287728,1
288708,3
287260,3
286934,1
287392,2
288300,3
288464,2
287512,1
286602,1
288134,1
287428,1
287148,1
287276,3
288024,0
286790,1
288322,3
288280,3
288336,3
288720,3
288192,1
287960,1
288598,1
288524,2
287386,1
287656,1
287706,3
286674,1
287138,0
286958,1
287904,1
286988,1
288518,1
288244,1
288180,4
288174,3
288520,1
288838,3
287544,1
288670,3
286676,1
287710,1
286984,4
287930,1
288288,3
288706,3
288736,3
287552,2
288358,2
287860,1
288476,1
287476,1
288016,4
287916,1
288746,3
288550,3
287440,4
288536,2
288068,1
288218,3
287944,1
287304,3
286972,1
287426,3
288232,3
287466,0
286942,1
287742,1
287548,2
286680,1
287782,1
288226,2
287756,1
286978,1
288186,3
287188,0
288156,4
286658,1
287582,3
288828,1
286970,1
287580,3
288760,4
287798,1
287444,1
287562,1
288272,3
287714,3
288656,3
286688,1
287616,2
287152,1
288668,2
286840,1
288716,4
287780,1
287846,1
288118,1
288282,4
287086,1
288100,1
288002,3
288802,1
287522,2
288114,1
288784,3
287172,4
288494,1
287806,1
288238,4
287458,3
288446,3
287380,1
287678,3
287220,1
287688,3
288650,3
287766,1
286830,1
288834,1
287376,4
287224,4
288410,3
287676,3
287948,1
287998,3
287988,1
288688,3
288632,4
288818,3
288168,1
287516,2
286848,1
288652,3
288682,3
288342,3
286842,1
288710,3
286668,1
287716,1
288094,1
288576,1
287108,0
286980,1
287488,3
288426,3
288382,3
287266,1
288658,2
287190,3
288054,2
287354,1
288396,0
287238,4
288570,3
287984,1
288832,1
288730,3
287764,4
286748,1
287226,1
288600,4
287704,3
288558,3
287344,1
288084,1
287572,3
287494,2
287234,1
288304,3
288258,3
287232,1
286968,1
288766,3
288458,2
287894,1
287142,1
287228,1
287112,0
287814,1
286760,1
288266,3
287378,3
287920,1
287296,3
287242,1
287564,1
288782,4
287530,4
287882,1
287892,1
287510,2
288496,1
286686,1
287568,2
288352,3
288386,0
287772,1
287982,4
286784,1
287872,1
287602,3
287604,3
288022,3
287740,1
288074,3
288862,3
288868,2
287474,1
288350,3
287788,1
288840,4
287682,3
288032,3
287816,1
288488,1
288422,3
288344,4
288436,3
287484,4
287186,1
287244,1
286786,1
288048,1
286810,1
286836,4
288012,1
287124,0
288338,3
288548,3
287096,1
288302,4
287938,1
288484,1
288146,1
288534,4
288764,2
288686,3
287012,1
288078,2
287610,2
288700,3
288506,1
287800,1
287326,3
288644,2
288492,4
287192,1
286624,1
287270,3
287460,3
288522,1
288674,3
288348,4
288676,3
287608,2
288594,3
288538,2
287240,1
287182,1
288082,1
287946,1
287434,1
288612,3
287132,1
287372,4
287864,1
288062,1
288470,1
288332,3
288450,3
287606,3
287640,1
287340,1
287418,3
286756,1
286650,1
288080,2
287914,1
288718,2
288634,4
288672,4
287414,4
288444,3
288042,1
287350,1
287214,1
288368,4
287470,1
287774,1
287300,3
287550,2
287432,1
286828,1
288590,1
288140,1
288510,1
287412,1
288532,4
287674,1
287686,1
288044,1
287750,1
287520,2
288620,0
287324,3
287068,1
288284,3
287702,4
286794,1
287646,1
288734,3
288770,2
287472,3
288248,3
287620,2
287694,3
287294,3
288618,1
287120,0
288780,2
288626,3
286930,1
288360,1
288102,1
287346,1
287588,3
287456,3
288430,3
288836,3
287912,1
286596,1
288564,1
287662,3
287362,1
288852,3
287762,1
287408,1
288372,2
287684,3
287320,3
287942,1
287730,1
288800,1
287866,1
287996,0
286692,1
287526,1
288198,1
288112,1
287926,1
287630,3
288580,2
287566,3
288136,1
287768,1
288030,3
287958,1
288328,3
287890,1
288480,1
287598,3
288278,4
288250,4
287430,1
287922,1
288756,4
288326,3
288542,1
288270,4
287262,3
287902,1
288096,1
287578,3
288812,3
287700,1
288596,4
288526,1
288220,2
287990,1
288040,3
287144,1
287302,3
288546,3
288728,3
287106,3
287634,4
288502,1
287250,1
288098,1
287140,1
288778,4
288864,3
288608,3
288472,1
288774,1
287832,1
288428,3
287282,3
288666,3
287532,4
287838,1
287786,1
288166,3
287980,1
287594,1
288586,4
287410,1
287490,2
288696,3
288684,3
287452,3
288490,1
288822,2
287936,1
288162,3
288588,3
286938,1
287454,3
288842,0
288566,3
288050,1
287136,1
288242,3
288694,3
288500,1
287118,0
288568,4
287888,1
287826,1
288662,3
288806,1
287514,2
287776,1
287382,1
287584,3
287272,1
288654,3
288508,1
288858,4
288690,3
287534,1
288200,1
288228,1
286708,1
288178,4
287492,4
287498,3
288460,1
287400,3
287968,1
288008,4
288306,2
287876,1
288388,3
286632,1
287856,1
288236,3
287834,1
286696,1
287334,3
288240,4
288516,1
288296,3
287094,1
288164,3
287166,4
287668,1
287908,1
287446,1
288816,1
288504,4
287368,1
287732,1
288616,4
287306,4
288726,3
287708,0
286812,1
288856,2
287480,2
287696,1
288046,1
286824,1
287464,1
288724,1
288438,2
287174,1
288628,1
287972,4
287840,4
287462,1
287734,1
288424,3
286920,4
287660,1
287554,2
288462,3
287658,3
287628,1
288364,2
287822,1
287506,2
288006,3
287104,0
288402,4
288150,0
287202,1
288704,3
286946,1
287618,2
287246,1
287332,3
288758,2
287586,3
287496,3
288120,1
288092,1
288624,3
288796,3
288454,3
287162,1
288212,1
287638,2
288744,3
286752,1
286892,1
287056,1
287058,4
288260,3
287278,3
288804,1
288432,3
287964,1
288262,3
286872,1
287308,3
288088,1
287626,1
287858,1
287592,3
286636,1
287900,1
287818,1
288330,3
288698,3
287438,1
288316,3
288274,1
287622,4
288010,4
288456,4
287956,1
287778,1
287878,4
288290,2
288614,3
288478,1
288418,3
287170,4
287268,3
288154,4
286730,1
288230,4
286986,1
287974,1
288528,1
288872,4
287670,1
287518,2
287478,4
287664,1
288378,3
288346,2
287194,3
287650,1
287862,1
287402,1
286774,1
287794,4
288678,3
287636,4
288554,0
288014,3
288106,1
287004,1
287932,1
287180,0
288810,4
287722,1
288064,4
286866,1
288354,3
287770,1
288144,1
288560,4
288058,1
288790,3
288196,1
287654,3
287754,1
287952,1
286620,1
287212,1
287828,1
288482,1
287758,1
288442,3
286858,1
288540,2
288604,1
287570,4
288732,3
288514,1
288176,2
288866,4
288486,1
288246,2
288394,0
288844,4
287596,1
288204,1
288660,0
288642,1
287370,4
288254,2
288714,3
288860,1
287316,3
288286,3
287222,1
287718,1
287236,1
287130,0
286908,1
288788,3
287388,3
286702,1
287290,1
288384,2
287450,2
288152,3
288404,3
287374,3
287680,1
286698,1
288308,3
287352,1
287210,1
287318,3
288592,4
288742,4
286792,1
287836,1
288334,3
287940,1
287184,1
287154,1
286960,1
287396,2
287784,1
288362,3
286802,1
288090,1
286780,1
288578,4
287870,1
287158,4
287230,1
287298,3
288440,4
288004,3
287830,1
286918,1
288126,4
287886,1
288374,4
287390,3
287164,4
287284,3
288750,3
288752,3
288138,4
287384,1
286700,1
287420,3
287746,1
286714,1
287366,1
287288,3
287724,1
287986,1
288034,2
287558,2
287790,1
286932,1
287176,1
287844,1
287178,4
286820,1
286716,1
286982,1
288556,3
288066,4
288076,3
287736,3
286628,1
287280,4
288602,3
287810,4
287690,3
287126,0
288512,1
288314,3
287216,1
288070,2
288582,3
288234,3
287648,1
288574,4
288468,1
287538,1
286804,1
288252,3
286750,1
288206,1
287328,3
287962,1
287642,1
286826,1
288712,3
287808,1
287966,1
287692,1
288318,3
286718,1
287084,3
286606,1
288132,1
